data,label
Neslihan_Atagül,0
Abdullah_Aydoğdu,0
Ayça_Ayşin_Turan,0
Kadir_Koçdemir,0
Beyazıt_Öztürk,0
Uğur_Dündar,0
Dilara_Lokmanhekim,0
Arzu_Ceylan,0
Güldeniz_Önal,0
Erdal_İnönü,0
Furkan_Asena_Aydın,0
Levent_Gürel,0
Abdullah_Eksioglu,0
Nazmiye_Demirel,0
Tansu_Çiller,0
Aydın_Ayas,0
Erden_Kıral,0
Sevan_Nişanyan,0
Dilara_Uralp,0
Dilara_Burali,0
Garabet_Yazmaciyan,0
Sofu_Mehmed_Pasha,0
Yıldırım_Aktuna,0
Onur_Tuna,0
Cenk_Uygur,0
Selda_Bağcan,0
Ertuğrul_Arslan,0
Tevfik_Rüştü_Aras,0
Jak_Ali_Harvey,0
Hakan_Koç,0
Nikos_Kapetanidis,0
Yağmur_Sarıgül,0
Ayhan_Karakuş,0
Dirayet_Taşdemir,0
Hasan_bey_Aghayev,0
Hafsa_Hatun,0
Asım_Orhan_Barut,0
Behrouz_Javid-Tehrani,0
Nafia_Kuş,0
Serdar_Ortaç,0
Refik_Koraltan,0
Rexhep_Mitrovica,0
Ahmet_Peker,0
Neslihan_Kavas,0
Garbis_İstanbulluoğlu,0
Ateş_Çınar,0
Murder_of_Sevag_Balıkçı,0
Rauf_Orbay,0
Merve_Aydın,0
John_the_Russian,0
Yaşar_Kemal,0
Turgut_Atakol,0
Melis_Birkan,0
Sami_Frashëri,0
Sakıp_Sabancı,0
Tuncay_Mataracı,0
Tim_Seyfi,0
Serdar_Topraktepe,0
İbrahim_Bölükbaşı,0
Betül_Cemre_Yıldız,0
Necdet_Calp,0
Celalettin_Muhtar_Ozden,0
Didem_Erol,0
Ekrem_Boyalı,0
Öznur_Kızıl,0
Mehmet_Hulusi_Conk,0
Cemal_Yıldız,0
Mustafa_Çakır,0
Demet_Evgar,0
Süreyyya_Evren,0
Samet_Bülbül,0
Mehmed_Uzun,0
Murat_Özçelik,0
Diyap_Yıldırım,0
Onur_İçli,0
Aziz_Sancar,0
İsmet_Sezgin,0
Cevat_Çobanlı,0
İsmet_Yılmaz,0
Mehmet_Gümüşburun,0
İskender_Alın,0
İbrahim_Çallı,0
Haldun_Dormen,0
Doğukan_Sönmez,0
Alican_Çağatay,0
Ercan_Özçelik,0
Remzi_Başakbuğday,0
Sertab_Erener,0
Buse_Tosun,0
Aydın_Menderes,0
Bora_Körk,0
Nihat_Berker,0
Filiz_Kadoğan,0
Sabahattin_Ali,0
Serpil_Yassıkaya,0
Arif_Şahin,0
Berkay_Can_Değirmencioğlu,0
Mert_Günok,0
Mustafa_İnan,0
Mertol_Demirelli,0
Fatih_Takmaklı,0
Nilüfer_Demir,0
Nejat_Eczacıbaşı,0
Turgut_Demirağ,0
Cem_Özüduru,0
Zeki_Ökten,0
Tan_Sağtürk,0
Atilla_Kuzu,0
Selim_Sarper,0
Bülent_Oran,0
Nurdan_Karagöz,0
Ali_Kibar,0
Melek_Cavlak,0
Aysel_Taş,0
Murat_Karayalçın,0
Ergül_Avcı,0
Fethi_Heper,0
Aşir_Atlı,0
Hikmet_Temel_Akarsu,0
Ayşegül_Çoban,0
Mücahit_Arslan,0
Pelin_Batu,0
İbrahim_Kaypakkaya,0
Mustafa_Kemal_Kurdaş,0
Tuncay_Karakaya,0
Serap_Yazıcı,0
Pelin_Karahan,0
Yusuf_Uçar,0
Ferhat_Pehlivan,0
Tekin_Dereli,0
Müjdat_Karanfilci,0
Oktay_Rıfat_Horozcu,0
Kerim_Tekin,0
Ayşegül_Behlivan,0
Latife_Uşşaki,0
Dogu_Abaris,0
Bedri_Rahmi_Eyüboğlu,0
Mualla_Eyüboğlu,0
Osman_Arpacıoğlu,0
Eşref_Hamamcıoğlu,0
Mustafa_Ertan,0
Gökhan_Kaba,0
Soner_Sucu,0
Buğra_Gülsoy,0
Bekir_Sıtkı_Bircan,0
Kemal_Başar,0
Şükrü_Altın,0
Barış_Manço,0
Çiğdem_Dede,0
Feridun_Bilgin,0
Ahmet_Altan,0
Sümeyra_Kaya,0
Zafer_Algöz,0
Demet_Akbağ,0
Enes_Kaya,0
Muhammed_Türkmen,0
Mehmet_Topal,0
Barbara_Kistler,0
Hasan_Eren,0
Sibel_Şimşek,0
Mehmet_Mehdi_Eker,0
Gülsüm_Tatar,0
Aras_Bulut_İynemli,0
Orhan_Pamuk,0
İstemihan_Taviloğlu,0
Shabtai_Levy,0
Derya_Bard_Sarıaltın,0
Emin_Bülent_Serdaroğlu,0
Vedat_Dalokay,0
Uwe_Beyer,0
Burcu_Yüksel,0
Adnan_Maral,0
Reyhan_Acar,0
Barış_Arduç,0
Selin_Demiratar,0
Bahri_Tanrıkulu,0
Mehmet_Akif_Alakurt,0
Tuğçe_Şahutoğlu,0
Levent_Sahinkaya,0
Reşit_Süreyya_Gürsey,0
Mammad_Amin_Rasulzadeh,0
Yusuf_Halaçoğlu,0
Perran_Kutman,0
Hayrullah_Fişek,0
Selçuk_Eker,0
Abdullah_Öztürk,0
Özhan_Canaydın,0
Selim_Sırrı_Tarcan,0
Mahir_Çayan,0
Adnan_Adıvar,0
Tuba_Büyüküstün,0
Serra_Yılmaz,0
Mehmet_Altınsoy,0
Yusuf_Başer,0
Emrah_Yucel,0
Fuat_Saka,0
Musa_Sinan_Yılmazer,0
Nuri_Otay,0
Rabia_Bala_Hatun,0
Hilmi_Özkök,0
Müşfik_Kenter,0
Fikret_Kızılok,0
Hıfzı_Topuz,0
Çolpan_İlhan,0
Güngör_Turan,0
Seda_Uslu_Eryüz,0
Özdemiroğlu_Osman_Pasha,0
Tayfun_Belet,0
Dilek_Öcalan,0
Nevin_Halıcı,0
Mehmet_Cesur,0
Emrah_Kuş,0
Gökhan_Avcıoğlu,0
Esin_Afşar,0
Ömer_Lütfi_Argeşo,0
Erdinç_Tekir,0
Zaven_Biberyan,0
Kemal_Derviş,0
Ünal_Aysal,0
Salih_Uçan,0
Ali_Rıza_Babaoğlan,0
Tuba_Çandar,0
Talat_Avni_Özüdoğru,0
Turgut_Özatay,0
Yıldız_Aras,0
Emrecan_Afacanoğlu,0
Dimitar_Ganchev,0
Nejat_İşler,0
Cevdet_Sunay,0
Ahmet_Emin_Yalman,0
Şebnem_Sönmez,0
Gürkan_Çetinkaya,0
Ümit_Bozkurt,0
Cem_Karaca,0
Sina_Afra,0
Hikmet_Çetin,0
Rıza_Kayaalp,0
Ahmet_Vardar,0
Osman_Zeki_Üngör,0
Hüseyin_Özkan,0
Barış_Eyriboz,0
Nazan_Akın,0
Ferhan_Şensoy,0
Aydın_Toscalı,0
Uğur_Yücel,0
Ali_Ölmez,0
Osman_F._Seden,0
Mahir_Çağrı,0
Nejla_Ateş,0
Meral_Çetinkaya,0
Turan_Dursun,0
Naghi_Sheykhzamanli,0
Orhun_Ene,0
Tuncel_Kurtiz,0
A._Baha_Balantekin,0
İsa_Kaykun,0
Yavuz_İlnam,0
Duygu_Çete,0
Erkan_Petekkaya,0
Kemal_Kıvanç_Elgaz,0
Hamdi_Akın,0
Onno_Tunç,0
Neslihan_Şenocak,0
Mustafa_Akyol,0
Necdet_Kent,0
Nihat_Erim,0
Deniz_Şen,0
Yildiz_Akdogan,0
Emine_Erdoğan,0
Yves_Béhar,0
Fethi_Okyar,0
Mehmet_Bozdağ,0
Yılmaz_Atadeniz,0
Tarhan_Erdem,0
Roy_Gokay_Wol,0
Srđan_Aksentijević,0
Necmi_Onarıcı,0
Fedail_Güler,0
Yasemin_Begüm_Dalgalar,0
Yunus_Altun,0
Osman_Sınav,0
Burhânettin_Deran,0
Mesut_Cemil,0
Sibel_Özkan,0
Hayri_Pinarci,0
Rahman_Bilici,0
Atilla_Karaosmanoğlu,0
Nefise_Karatay,0
Turgut_Özal,0
Marsel_İlhan,0
Münir_Nurettin_Selçuk,0
Akif_Çağatay_Kılıç,0
Hüseyin_Hilmi_Işık,0
Emrullah_İşler,0
Mustafa_Kayabaşı,0
Nazan_Eckes,0
Abdulali_bey_Amirjanov,0
Salih_Hulusi_Pasha,0
Zeki_Kuneralp,0
Neşerek_Kadınefendi,0
Nurhayat_Hiçyakmazer,0
Perestu_Kadın,0
Halil_Mutlu,0
Vefa_Salman,0
Sabit_Uka,0
Mar_Awgin,0
Ali_İsmet_Öztürk,0
Didem_(belly_dancer),0
Scott_Kleeb,0
Subhi_Barakat,0
Furkan_Tarhan,0
Esin_Varan,0
Osman_Selim_Gulenç,0
Habib_Esfahani,0
Nursel_Aydoğan,0
Kemal_Tokak,0
Bidar_Kadın,0
Nazan_Bekiroğlu,0
Dürdane_Altunel,0
Güray_Vural,0
Erol_Büyükburç,0
Mehdi_Halıcı,0
Celal_İbrahim,0
Telat_Üzüm,0
Evren_Büker,0
İbrahim_Bilgen,0
Murat_Köprülü,0
İdris_Bal,0
Dogan_Abukay,0
Mehmet_Görmez,0
Cengaver_Katrancı,0
Ezgi_Asaroğlu,0
Kadir_Özcan,0
Jülide_Gülizar,0
Rüştü_Sakarya,0
Jordan_Tabor,0
Sabiha_Gökçen,0
Ali_İhsan_Varol,0
Serkan_Günes,0
Burak_Arıkan,0
Acun_Ilıcalı,0
Aykut_Oray,0
İdris_Güllüce,0
Şakir_Eczacıbaşı,0
Şehrazat,0
Kıvılcım_Kaya,0
Yaser_Hacımustafaoğlu,0
Walter_Sydney_Adams,0
Nevdür_Hanımefendi,0
Ali_Sami_Yen,0
Sümer_Tilmaç,0
Arzu_Tan,0
Melih_Gökçek,0
Orhan_Atik,0
Ahmet_Kenan_Tanrıkulu,0
İhsan_Doğramacı,0
Mehmet_Akyüz,0
Erol_Sander,0
Caner_Ağca,0
Feriha_Tevfik,0
Hüseyin_Atıcı,0
Gülnur_Yerlisu,0
Yakup_Şener,0
Emre_Korkmaz,0
Erdoğan_Toprak,0
Semra_Ülkü,0
Burcu_Dağ,0
Hicri_Fişek,0
Cahit_Arf,0
Bülent_Bal,0
Abulfaz_Elchibey,0
Mustafa_Sandal,0
Ercan_Durmaz,0
Kubra_Kus,0
Emel_Dereli,0
İsmail_Konuk,0
Sibel_Güler,0
Erdal_Sunar,0
Eric_Forbes_Adam,0
John_Gidding,0
Gökhan_Alsan,0
Suzan_Kahramaner,0
Zeynep_Korkmaz,0
Bekir_Bozdağ,0
Özlem_Kaya,0
Mehmet_Cansun,0
Ebru_Şallı,0
Nezir_Sağır,0
Fatih_Avan,0
A._Sumru_Özsoy,0
Sabahattin_Çakmakoğlu,0
Mar_Mattai,0
Nesrin_Javadzadeh,0
Farah_Zeynep_Abdullah,0
Aylin_Daşdelen,0
İsmail_Hakkı_Duru,0
Mehmet_Boztepe,0
Nedim_Yücel,0
Nurhan_Atasoy,0
Latife_Tekin,0
Korhan_Taviloğlu,0
Karya_Kose,0
Melih_Cevdet_Anday,0
Tuna_Aktürk,0
Cemre_Erol,0
Hodo_Sokoli,0
Zaro_Aga,0
Husni_al-Barazi,0
Kamer_Sadik,0
Aydın_Doğan,0
Rodin_Alper_Bingöl,0
Hamdi_Apaydın,0
Uğur_Dağdelen,0
Tanju_Okan,0
Mete_Adanır,0
Semiha_Mutlu,0
Zeynep_Murat,0
Bülent_Tüfenkci,0
Bahadir_Kaleagasi,0
Ahmet_Necdet_Sezer,0
Fusun_Eczacıbaşı,0
Serdar_Deliktaş,0
Murat_Öztürk_(aviator),0
İlham_Tanui_Özbilen,0
Adnan_Oktar,0
Enes_Erkan,0
Abbas_Wasim_Efendi,0
Beril_Dedeoğlu,0
Burak_Aksak,0
Numan_Kurtulmuş,0
F._Tulga_Ocak,0
Mohammad_Bassam_Imadi,0
Ali_Güzeldal,0
Kübra_Öçsoy_Korkut,0
Fatih_Altaylı,0
Ali_Kuçik,0
Burçin_Terzioğlu,0
Ahmet_Hamdi_Tanpınar,0
Bahar_Doğan,0
Cesim_Gökçe,0
Nagehan_Malkoç,0
Adnan_Yılmaz,0
Tayfun_Bademsoy,0
Yakub_Kadri_Karaosmanoğlu,0
Zafer_Önen,0
Ege_Maltepe,0
İdris_Baluken,0
Okan_Ersoy,0
Ali_Hadi_Bara,0
Tennur_Yerlisu,0
Gamze_Bulut,0
Müzeyyen_Senar,0
Nilay_Esen_Ersun,0
Serkan_Silan,0
Muzaffer_Tema,0
Semra_Özal,0
Nezih_Ali_Boloğlu,0
Ahmet_Fikri_Tüzer,0
Doğan_Güreş,0
Hikmet_Bilâ,0
Gazanfer_Özcan,0
Cemil_Bahadır_Özbakış,0
Selçuk_Altun,0
Nene_Hatun,0
Mehmet_Ali_Ağca,0
Murat_Ali_Dulupçu,0
Ali_Rıza_Pasha,0
Yücel_Gündoğdu,0
Sultan_Haydar,0
Aslı_Çakır_Alptekin,0
Ahmet_Emin_Atasoy,0
Fuat_Çapa,0
Sıtkı_Akçatepe,0
Bülent_Esel,0
Kaan_İnce,0
Elvin_Eksioglu,0
Nadir_Sönmez,0
Sercan_Temizyürek,0
Celal_Atik,0
Selahattin_Ülkümen,0
Bekir_Sıtkı_Sezgin,0
Vuslat_Doğan_Sabancı,0
Cemşir_Muratoğlu,0
Mesut_Yılmaz,0
Tuba_Yenen,0
Atilla_Yayla,0
Muazzez_İlmiye_Çığ,0
Naim_Süleymanoğlu,0
Xhemal_Aranitasi,0
Melih_Mahmutoğlu,0
Feridun_Sinirlioğlu,0
Faruk_Özlü,0
Serkan_Yağcı,0
Eda_Erdem_Dündar,0
Ergün_Batmaz,0
Sinem_Kobal,0
Yahya_Kemal_Beyatlı,0
Salih_Kuru,0
Eşref_Apak,0
Yasin_Sancak,0
Kaya_Tarakcı,0
Çağatay_Ulusoy,0
Ocak_Işık_Yurtçu,0
Ali_Öztürk_(para_table_tennis),0
Sariye_Kumral,0
Şerafettin_Turpcu,0
Oytun_Ersan,0
Mümtaz_Soysal,0
Refik_Saydam,0
Zeki_Demir,0
Faik_Öztrak,0
Ozan_Özkan,0
Ümmü_Kiraz,0
Adem_Kılıçcı,0
Emre_Taner,0
Mustafa_Tuncer,0
İsmet_İnönü,0
İzzet_İnce,0
Emir_(singer),0
Aykut_Barka,0
Onur_Cavit_Biriz,0
Orhan_Karaveli,0
Emine_Semiye_Önasya,0
Pelin_Ozdemir,0
Balçiçek_İlter,0
Mehmet_Yıldız,0
Halit_Akçatepe,0
Cüneyt_Arkın,0
Serenay_Sarıkaya,0
Koray_Çölgeçen,0
Sadi_Irmak,0
Bülent_Giz,0
Gökhan_Değirmenci,0
Lütfi_Elvan,0
Mahmud_Tarzi,0
Naci_Kınacıoğlu,0
Hasan_Güngör,0
Ebru_Gündeş,0
Çağdaş_Atan,0
Sancak_Kaplan,0
Sadri_Alışık,0
Hamide_Ayşe_Sultan,0
Burcu_Sallakoğlu,0
Şükrü_Sina_Gürel,0
Haluk_Yıldırım,0
Şefik_Avni_Özüdoğru,0
Esma_Aydemir,0
Mehmet_Nadir_Ünal,0
İbrahim_Peçevi,0
Zabel_Sibil_Asadour,0
Fikri_Elma,0
Ayşe_Işıl_Karakaş,0
Halil_Berktay,0
Mehmet_Günsür,0
Aşkın_Nur_Yengi,0
Reşit_Galip,0
Alper_Solak,0
Pesend_Hanım,0
Okay_Arpa,0
Erol_Bilgin,0
Tahir_Bilgiç,0
Erkam_Reşmen,0
Kamran_Usluer,0
Eray_Birniçan,0
Ahmet_Ağaoğlu,0
Muammer_Aksoy,0
Dudu_Karakaya,0
Fatma_Neslişah,0
Nilbar_Güreş,0
Emin_Çölaşan,0
Ömer_Sabancı,0
Cemil_Conk,0
Aytaç_Arman,0
Ahmet_Kaya,0
Expeditus,0
Habip_Soluk,0
Cevdet_Kılıçlar,0
Ebru_Topçu,0
Genco_Erkal,0
Kerem_Yılmazer,0
Hafsa_Şeyda_Burucu,0
Kazım_Ayvaz,0
Uğur_Uluocak,0
Alp_Yalman,0
Arslan_Šutalo,0
Atilla_Sezer,0
Dursun_Özbek,0
İlyas_Demir,0
Batuhan_Gözgeç,0
Hind_Rostom,0
Cemil_Gürgen_Erlertürk,0
Meral_Okay,0
Akasya_Asıltürkmen,0
Masatoshi_Gündüz_Ikeda,0
Fatma_Şahin,0
Ali_Uras,0
Feridun_Karakaya,0
Yakup_Gör,0
Suat_Hayri_Ürgüplü,0
Henk_van_Brussel,0
Alparslan_Türkeş,0
Coşkun_Aral,0
Cengiz_Bektaş,0
Sencer_Sarı,0
Ayşenur_İslam,0
Suat_Kılıç,0
Abdurrahim_Karslı,0
Köksal_Toptan,0
Necati_Cumalı,0
Emre_Zafer_Barnes,0
Haluk_Bilginer,0
Abu_Yusuf_Al-Turki,0
Leman_Çıdamlı,0
Hilmi_Sözer,0
Nikola_Aslanov,0
Göksel_(singer),0
Zafer_İlken,0
Ali_Can_Yılmaz,0
Tuğba_Koyuncu,0
Nouriel_Roubini,0
Barış_Akarsu,0
Rüştü_Nuran,0
Ferzan_Özpetek,0
Ahmet_Kayhan_Dede,0
Deniz_Gezmiş,0
Yonca_Sevval_Erdem,0
Behiç_Erkin,0
Alaattin_Çakıcı,0
Karin_Melis_Mey,0
Aristotle_Onassis,0
Roger_Delgado,0
Burak_Özçivit,0
Meliz_Redif,0
Cem_Kargın,0
Sadık_Eliyeşil,0
Duygun_Yarsuvat,0
Bülent_Eken,0
Gazi_Hüsrev_Pasha,0
Süreyya_Aylin_Antmen,0
Faruk_Çelik,0
Tarkan_(singer),0
Hulusi_Behçet,0
Zehra_Öktem,0
Sait_Maden,0
Ali_Yıldırım_Koç,0
Sevgi_Soysal,0
Gülderen_Çelik,0
Uğur_Ersoy,0
Selâhattin_Âdil,0
Ahmet_Mete_Işıkara,0
Abdülkadir_Köroğlu,0
Celâl_Şengör,0
Soner_Demirtaş,0
Erol_Evgin,0
Tawakkol_Karman,0
Derya_Arbaş,0
Bülent_Korkmaz_(archer),0
Sönmez_Köksal,0
Kerem_Gürgen,0
Artun_Akçakın,0
Mete_Binay,0
Selçuk_Uluergüven,0
Mehmet_Ergin,0
Gülbahar_Hatun,0
Berkant,0
Aliye_Berger,0
Alemitu_Bekele_Degfa,0
Filiz_Akın,0
Ali_Eren_Demirezen,0
Metin_Toker,0
Abdullah_Baybaşin,0
Ali_Kılıç,0
Şemsettin_Günaltay,0
Artin_Penik,0
Nimet_Baş,0
Levent_Kartop,0
Rahmanberdi_Alyhanow,0
Bahram_Muzaffer,0
Galip_Balkar,0
Gizem_Girişmen,0
Serdar_Özbayraktar,0
Adalet_Ağaoğlu,0
Ferdi_Statzer,0
Rıza_Nur,0
Ahmet_Düverioğlu,0
Ayça_Varlıer,0
Yavuz_Karamollaoğlu,0
Aydın_Kurtoğlu,0
Fikret_Otyam,0
Ahmad_Ammar_Ahmad_Azam,0
Alper_Kaya,0
Şefik_Aker,0
Selma_Yağcı,0
Falih_Rıfkı_Atay,0
Muhterem_Nur,0
Mert_Girmalegesse,0
Husein_Mehmedov,0
Dursun_Sevinç,0
Ahmed_Cemal_Eringen,0
Hakan_Hacıbektaşoğlu,0
Pınar_Saka,0
Bekir_Karayel,0
Oktay_Vural,0
Begüm_Kütük,0
Taner_Akçam,0
Cahit_Sıtkı_Tarancı,0
Tanju_Gürsu,0
Sadun_Boro,0
Nihal_Atsız,0
Aysun_Kayacı,0
Taner_Yıldız,0
Deniz_Seki,0
Evelyn_Baghtcheban,0
Nevin_Çokay,0
Orhan_Kemal,0
Orhan_Veli_Kanık,0
Eray_Atalı,0
Şaziye_Okur,0
Cengiz_Çandar,0
Hülya_Koçyiğit,0
Hacı_Sabancı,0
Nicholas_Roderick_O'Conor,0
Tuncay_Özkan,0
İsmet_Hürmüzlü,0
Beren_Saat,0
Ferit_Şahenk,0
Nur_Tatar,0
Nimet_Karakuş,0
Recep_Çelik,0
Fehmi_Demir,0
Şule_Şahbaz,0
Barış_Karadeniz,0
Ece_Yaşar,0
Fatih_Doğan,0
Emine_Bilgin,0
Ümit_Kaftancıoğlu,0
Hüseyin_Avni_Zaimler,0
Zeki_Müren,0
Berk_Tuna,0
Fikri_Alican,0
Zeki_Rıza_Sporel,0
Hubert_Garrett,0
Hâlit_Ziyâ_Konuralp,0
Özlem_Becerikli,0
Şemsi_Yaralı,0
Nansen_G._Saleri,0
Bedri_Baykam,0
Semih_Kaplanoğlu,0
Erhan_Deniz,0
Remzi_Sedat_İncesu,0
Edward_Bayda,0
Sait_Faik_Abasıyanık,0
Ali_Turan,0
Mustafa_Necati,0
Nazim_Terzioglu,0
Dilan_Çiçek_Deniz,0
Elif_Yıldırım,0
Koray_Aydın,0
Emrah_(singer),0
Paulinus_of_Trier,0
Fahriye_Evcen,0
Kemal_Sunal,0
Aykut_Kayacık,0
Güzin_Dino,0
Hamdi_Ulukaya,0
Selahattin_Çobanoğlu,0
Ahmet_Ümit,0
Ümran_Ertiş,0
Ömer_Kemaloğlu,0
Mihajlo_Korolija,0
Bülent_Arınç,0
Hüseyin_Kala,0
Çetin_Altan,0
Rukiye_Sabiha_Sultan,0
Bedriye_Hoşgör,0
Torkom_Saraydarian,0
Yağız_Kaba,0
Roman_Lyashenko,0
Nazmiye_Muslu_Muratlı,0
Adnan_Polat,0
Ali_Haydar_Hakverdi,0
Fatma_Eser_Ozaydin,0
Ecem_Taşın,0
Sercan_Kaya,0
Naser_Beadini,0
Ercan_Yazgan,0
Ömer_İzgi,0
Salih_Neftçi,0
Nusret_Fişek,0
Asli_Duman,0
Emre_Batur,0
Cem_Uluğnuyan,0
Rahşan_Ecevit,0
Özge_Kavurmacıoğlu,0
Efkan_Ala,0
Süleyman_Soylu,0
Tarık_Langat_Akdağ,0
Vahide_Perçin,0
Mustafa_Kemal_Atatürk,0
Alican_Kaynar,0
Rahmi_Koç,0
Hazal_Kaya,0
Halil_Zıraman,0
Abdullah_Öcalan,0
Bedrifelek_Kadın,0
Ahmet_Refik_Altınay,0
Emin_Halid_Onat,0
Yaprak_Özdemiroğlu,0
Merthan_Açıl,0
Mehmet_Taş,0
Sevim_Tekeli,0
Ahmed_Izzet_Pasha,0
Takis_Christoforidis,0
Funda_Bilgi,0
Özker_Yaşın,0
Nurgül_Yeşilçay,0
Ömer_Seyfettin,0
Adnan_Şenses,0
Bülent_Eczacıbaşı,0
Ahmet_Tevfik_Pasha,0
Serena_Shim,0
Rıdvan_Baygut,0
Hafize_Şahin,0
Aykut_Kaya,0
Müşfika_Kadın,0
Harun_Erdenay,0
Hüseyin_Yoğurtçu,0
Metin_Şahin,0
Recep_Tayyip_Erdoğan,0
Bülent_Ecevit,0
Mübariz_Mansimov,0
Deniz_Ugur,0
Ersin_Tacir,0
Hüseyin_Alp,0
Yıldo,0
Emel_Türkyılmaz,0
Mahinur_Ergun,0
Ayşe_Nur_Bahçekapılı,0
Kenan_İpek,0
Bahadır_Baruter,0
Behçet_Kemal_Çağlar,0
Dolunay_Soysert,0
Elyesa_Bazna,0
Leyla_Erbil,0
Gizem_Saka,0
Rina_Onur,0
Hülya_Şahin,0
Marika_Nezer,0
Bolâhenk_Nuri_Bey,0
Duygu_Aynacı,0
Ravza_Kavakçı_Kan,0
Melih_Kibar,0
Ülkü_Adatepe,0
Hrant_Dink,0
Ozan_Güven,0
Kadri_Kordel,0
Ramazan_Şahin,0
Serdar_Gökhan,0
Meryem_Erdoğan,0
Barış_Falay,0
Emina_Ilhamy,0
Hüseyin_Hilmi,0
Kürşat_Duymuş,0
Zihni_Derin,0
Oktay_Sinanoğlu,0
Murat_Belge,0
Civar_Çetin,0
Kıvanç_Tatlıtuğ,0
Orhan_Aytür,0
Afet_İnan,0
Orhan_Ovacıklı,0
Ekrem_Dumanlı,0
Engin_Çeber,0
Reşide_Bayar,0
Berkin_Elvan,0
Koray_Karagözoğlu,0
Aydın_Sayılı,0
Vecihi_Hürkuş,0
Mehmet_Terzi,0
Necmettin_Erbakan,0
Can_Emre_Yücel,0
Mehmet_Perinçek,0
Nihat_Bekdik,0
Kerem_Özyeğen,0
Hüseyin_Mutlu_Akpınar,0
Behice_Hanım,0
Arman_Manukyan,0
Çiğdem_Özyaman,0
Emrah_Kiraz,0
İhsan_Yüce,0
Gülşen_Degener,0
Salih_Uzun,0
Kamber_Arslan,0
Çağlar_Söyüncü,0
Yusuf_Kurçenli,0
İzzet_Kaya,0
Erdal_Karamercan,0
Yasar_Turgut_Bilgin,0
Can_Dündar,0
Nurullah_Sağlam,0
Nihat_Zeybekci,0
Hamide_Bıkçın_Tosun,0
Nuray_Mert,0
Figen_Yüksekdağ,0
Rumeysa_Aredba,0
Halide_Edib_Adıvar,0
Bediha_Tunadağı,0
Rukiye_Yıldırım,0
Süreyya_Ciliv,0
Ali_Tanrıyar,0
Nuray_Deliktaş,0
Muhtar_Kent,0
Gökçe_Bahadır,0
Furkan_Ulaş_Memiş,0
Daron_Acemoğlu,0
Yunus_İçuz,0
Enis_Berberoğlu,0
Ali_Saip_Ursavaş,0
Muhsin_Yazıcıoğlu,0
Serhat_(singer),0
Halil_Beşkardeşler,0
Fadime_Suna,0
Hovhannes_Hintliyan,0
Gülden_Kayalar_Kuzubaşıoğlu,0
Özge_Ulusoy,0
Nazmi_Yükselen,0
Yıldırım_Demirören,0
Sinan_Çetin,0
Erol_Günaydın,0
Yunus_Çankaya,0
Sema_Apak,0
Erol_Toy,0
Tarık_Daşgün,0
Muhsin_Ertuğrul,0
Sevgi_Sabancı,0
Vildan_Doğan,0
Tahsin_Şahinkaya,0
Benyamin_Sönmez,0
Evren_Erdeniz,0
Ebru_Elhan,0
Nevzad_Hanım,0
Nusret_Çolpan,0
Ali_Bey_(officer),0
Selma_Ergeç,0
Fatih_Kocamis,0
Cezmi_Kartay,0
İrem_Yaman,0
Sabahattin_Eyüboğlu,0
Abdullah_Kiğılı,0
Polat_Kemboi_Arıkan,0
Nagihan_Karadere,0
Şenkal_Atasagun,0
Salih_Mirzabeyoğlu,0
Bekir_Büyükarkın,0
Turgut_Cansever,0
Erdem_Başçı,0
Daniş_Tunalıgil,0
Akif_Pirinçci,0
Yücel_İldiz,0
Ceyhun_Tendar,0
Kenan_Evren,0
Ayşe_Arman,0
Şeref_Eroğlu,0
Sabit_İnce,0
Matild_Manukyan,0
Koray_İçten,0
Yunus_Nadi_Abalıoğlu,0
Hande_Doğandemir,0
Nevin_Yanıt,0
Yeliz_Ay,0
Gülcan_Mıngır,0
Emin_Fuat_Keyman,0
Metin_Göktepe,0
İbrahim_Arat,0
Yekta_Yılmaz_Gül,0
Arslan_Toğuz,0
Gülşah_Kıyak,0
Edip_Yüksel,0
Bayezid_Pasha,0
Valentijn_Overeem,0
Sedef_Avcı,0
Erol_Ozensoy,0
Erol_Taş,0
Albert_Jean_Amateau,0
Göksu_Türkdoğan,0
Fikret_Orman,0
Halil_Ergün,0
Ayşegül_Ergin,0
Berdan_Öztürk,0
Doğukan_Pala,0
Nebahat_Çehre,0
Aref_Ghafouri,0
Semih_Saygıner,0
Neyyire_Neyir,0
Emel_Heinreich,0
Yaser_Yıldız,0
Metin_Serezli,0
Nejat_Uygur,0
Ajda_Pekkan,0
Adile_Naşit,0
Türk_Telekom,3
Virgin_Atlantic,3
Little_Chef,3
Innovia_Films,3
Hornby_Railways,3
BBC,3
James_Lock_&_Co.,3
Koton_(company),3
Daimler_Company,3
Poundland,3
Kosifler_Group,3
Medical_Park,3
AgustaWestland,3
Vandanel_Sports,3
Roksan_Audio,3
Barleycup,3
Spear_&_Jackson,3
Barclays,3
Ahmad_Tea,3
Turkish_Bank,3
Sahibinden.com,3
Apikoğlu,3
Halk_Bankası,3
Migros_Türk,3
Black_Sheep_Brewery,3
Twinkl_Educational_Publishing,3
Aviva,3
Chemence,3
Albaraka_Türk,3
Grey_Technology_(Gtech),3
Rustler_Yachts,3
Simple_Skincare,3
Alba_(brand),3
Quietrevolution_wind_turbine,3
Biletix,3
Salcano_(bicycle),3
Dulux,3
InsureandGo,3
British_Airways,3
Lotus_Cars,3
St_Ivel,3
Goodlight,3
Genesis_(bikes),3
Wincarnis,3
Anadolu_Sigorta,3
BMZ_Group,3
Hed_Kandi,3
MysteryVibe,3
Rolls-Royce_Limited,3
Jet2.com,3
Cola_Turka,3
Kleeneze,3
Fisherman's_Friend,3
Chase_Distillery,3
Güleryüz,3
Alarko_Carrier,3
Babycham,3
Akbank,3
Motor_Manufacturing_Company,3
Ed's_Easy_Diner,3
Doğan_Media_Group,3
Jo_Malone_London,3
Hunca_Cosmetics,3
Garanti_Bank,3
Vodafone_Global_Enterprise,3
BT_Group,3
Sabancı_Holding,3
Sky_UK,3
WonderLuk,3
Carrefour_Express,3
J2O,3
Hygena,3
Aksigorta,3
JCB_(company),3
MNG_Airlines,3
Vakko,3
Sky_Airlines,3
Bim_(company),3
Erkunt_Group,3
LC_Waikiki,3
DAKS,3
Petrol_Ofisi,3
Sky_plc,3
De_La_Rue,3
Albayrak_Holding,3
GİRSAN,3
Bettys_and_Taylors_of_Harrogate,3
MG_Cars,3
Osborne_&_Little,3
Brylcreem,3
STFA_Group,3
AtlasGlobal,3
Turkish_State_Railways,3
Gelert_(company),3
Whitbread,3
Britten-Norman,3
No7,3
Diardi,3
Vestel,3
Fab_(brand),3
Polyfilla,3
Satmap,3
MidMeds,3
Ugur_Group_Companies,3
Beulah_London,3
Taylor_Hobson,3
Wileyfox,3
Abank,3
Londis_(United_Kingdom),3
Peter_Storm_(clothing),3
HEMYCA,3
YOTEL,3
Antler_Luggage,3
Charbonnel_et_Walker,3
Triumph_Engineering,3
Yüksel_Tohumculuk,3
Transvaro,3
The_Coventry_Motor_Company,3
Touchnote,3
Lyons_Maid,3
Ten_Fold_Engineering,3
Sanex,3
Legal_&_General,3
Mint_Motion_Pictures,3
Harland_and_Wolff,3
BP,3
Çukurova_Media_Group,3
Sam's_Chicken,3
Permak,3
Van_Çimento_Sanayii,3
Matchbox_(brand),3
Delete_Agency,3
Durex,3
Petkim,3
SunExpress,3
Fray_Bentos_(food_brand),3
ROKETSAN,3
Burberry,3
Hotpoint,3
Akfen_Holding,3
Otokar,3
Teknopet,3
Nurol_Holding,3
Saga_Airlines,3
Yapı_Merkezi,3
Capstan_(cigarette),3
Lloyds_Bank,3
Red_Sky_snacks,3
Sunbeam_Motor_Car_Company,3
Integral_Forex,3
The_Body_Shop,3
Warehouse_(clothing),3
Craghoppers,3
Lux_(soap),3
Fuel_Juice,3
Prestat,3
Turkuvaz_Media_Group,3
Vodafone,3
Aon_(company),3
Hammerite,3
Sunlight_(cleaning_product),3
EUROTAI,3
Carbrini_Sportswear,3
Warner_&_Sons,3
Me_to_You_Bears,3
Memorial_Health_Group,3
Domestos,3
Karel_Electronics,3
Imagination_Technologies,3
Ziraat_Katılım,3
Sophos,3
Darling_London,3
Adana_Çimento,3
Mini,3
MySupermarket,3
Birmingham_Small_Arms_Company,3
Prudential_plc,3
Kombassan,3
Cooke_Optics,3
Austin_Motor_Company,3
B&Q,3
Aygaz,3
Türk_Ekonomi_Bankası,3
Doğuş_Media_Group,3
Fat_Face,3
Rotary_Watches,3
Doğan_Holding,3
Yapı_Kredi_Yayınları,3
Sage_Group,3
STM_Sistem_Teleferik,3
HSBC_Bank_(Turkey),3
Oypa,3
Ministry_of_Sound,3
NatWest,3
Penguin_Books,3
St_Michael_(brand),3
Anglepoise_lamp,3
Gunn_&_Moore,3
Moonpig,3
Elonex,3
EasyJet,3
Marmarabirlik,3
Thomson_Holidays,3
Etox,3
Mallzee,3
Dance_Nation_(record_label),3
TÜLOMSAŞ,3
Esan_akü,3
Spudulike,3
Soma_Kömür_İşletmeleri_A.Ş.,3
ESHOT,3
LUX_FIX,3
Cambridge_Audio,3
Benson_&_Hedges,3
Mechanical_and_Chemical_Industry_Corporation,3
Eser_(Construction_firm),3
Weetabix_Limited,3
Thorntons,3
Hamlet_(cigar),3
Uzan_Group,3
Vodafone_Turkey,3
Walkers_(snack_foods),3
LittleBig,3
Rohan_(clothing),3
JC_Vickery,3
Aksa_(company),3
WHSmith,3
Wadworth_Brewery,3
Hovis,3
Gram_Games,3
Crimpy,3
Ziraat_Bankası,3
TEMSA,3
Forever_Friends_(brand),3
Kimetsan,3
Bremont_Watch_Company,3
Whirl-Y-Gig,3
TaleWorlds_Entertainment,3
Woodworm_Cricket_Company,3
Goodmans_Industries,3
İş_Yatırım,3
Boots_UK,3
Bush_(brand),3
Omsan,3
Koray_Holding,3
Koç_Holding,3
Tüpraş,3
Mavi_Jeans,3
Death_(cigarette),3
Chase_Vodka,3
BMC_(Turkey),3
AnadoluJet,3
Casati_Boya,3
Castrol,3
TPPD,3
Türkiye_Petrolleri_Anonim_Ortaklığı,3
Kangol,3
Bank_Asya,3
Koza_İpek_Holding,3
BAE_Systems,3
Xander_Kostroma,3
Zorlu_Holding,3
Ford_Otosan,3
Jordans_(company),3
Borsa_Istanbul,3
Poliya,3
Robinsons_(drink),3
Netcad,3
Senior_Service_(cigarette),3
LDV_Group,3
Jaguar_Cars,3
Birleşik_Fon_Bankası,3
Berol,3
Kayı_Construction,3
Virgin_Group,3
Evdeizle,3
Bowers_&_Wilkins,3
Koçbank,3
Argos_(retailer),3
Geliyoo,3
Özmaktaş-Özaltın_Makina_Otomotiv,3
Kuzeybatı,3
Boyner,3
Vivienne_Westwood,3
Enka_İnşaat_ve_Sanayi_A.Ş.,3
ULS_Airlines_Cargo,3
Kavaklıdere_(winery),3
Estap,3
Admiral_Sportswear,3
VakıfBank,3
Duchamp_(clothing),3
VitrA_(sanitaryware),3
Özal_Group,3
Kalyon_Group,3
Cengiz_Holding,3
Flybe,3
Kütahya_Porselen,3
Turkish_Airlines,3
Etibank,3
Rolls-Royce_Motor_Cars,3
Kipa,3
Finansbank,3
Tesco,3
Beko,3
Hospitadent,3
Thomson_Local,3
Bristol_Cars,3
Houghton_International,3
Arçelik,3
Arthur_Price,3
General_Directorate_of_Mineral_Research_and_Exploration_(Turkey),3
Adnams_Brewery,3
Hackett_London,3
The_House_Cafe,3
Avea,3
Green_Cross_Code,3
Limak_Holding,3
Orbit_Express_Airlines,3
Yapı_ve_Kredi_Bankası,3
M&Co.,3
Adese,3
G.W._Scott_and_Sons,3
Plaxton,3
Feza_Publications,3
Tricouni_(brand),3
TİSAŞ,3
Crosslee_plc,3
Hull_Brewery,3
Alvimedica,3
İhlas_Holding,3
Molton_Brown,3
TurkDex,3
Henri_Lloyd,3
Premier_Inn,3
PTT_(Turkey),3
Keen's,3
Britannia_Airways,3
Sunbeam_Cycles,3
National_Rail,3
Jeyes_Fluid,3
Smythson,3
Sterling_(cigarette),3
Tekel,3
Bianet,3
Ferguson_Electronics,3
Borajet,3
Şekerbank,3
Dicle_News_Agency,3
AGA_cooker,3
Wharfedale_(company),3
Homebase,3
İzocam,3
Virgin_Media,3
Fred_Perry,3
Demirören_Group,3
Ambrosia_(food_brand),3
Witcomb_Cycles,3
Nails_Inc.,3
Kiler_(company),3
Karpowership,3
Um_Bongo,3
Standard_Fireworks,3
İnterbank,3
Ewbank,3
Rayburn_range,3
International_Paint,3
Bimeks,3
A&T_Bank,3
Galatasaray_Mobile,3
Ülker,3
Pegasus_Airlines,3
Bentley,3
Pashley_Cycles,3
Lloyd's_of_London,3
Rönesans_Holding,3
Woodpecker_Cider,3
Türksat_(company),3
Dia_(supermarket_chain),3
Inmarsat,3
Emlak_Konut,3
Zemana,3
Newgate_Clocks,3
Blackwell_UK,3
DenizBank,3
Freebird_Airlines,3
Armitage_Shanks,3
Desa_(company),3
UK_Gear,3
Topshop,3
Ultramar,3
Twiglets,3
Bupa,3
TCDD_Taşımacılık,3
Bonmarché,3
Velocette,3
XLN_Telecom_Ltd,3
Avon_Rubber,3
Waterstones,3
Derimod,3
Backes_&_Strauss,3
Polimeks,3
Erdem_Architects,3
Ribena,3
İlbank,3
Celestion,3
Yıldız_Holding,3
TAV_Airports_Holding,3
Pret_a_Manger,3
ASELSAN,3
HSBC_Bank_(Europe),3
Crombie_(clothing),3
MG_XPower,3
Triumph_Motor_Company,3
Bisto,3
Sarson's,3
Alfred_Dunhill_Ltd.,3
Turkish_Aerospace_Industries,3
Çalık_Holding,3
Twentify,3
Anadolubank,3
Inovenso,3
Marks_&_Spencer,3
Tuncer_Cakmakli_Architects,3
Altınyunus,3
Ciceksepeti.com,3
Lokka_Vodka,3
Dancing_Turtle_Group,3
Brasso,3
Ant_Yapi,3
Rolls-Royce,3
Dardanel,3
MG_Sports_and_Racing_Europe,3
Triumph_Motorcycles_Ltd,3
Greene_King,3
Fenercell,3
Tekfen_Construction_and_Installation,3
Vitalite,3
Terry's_All_Gold,3
Future_Disco,3
Goldaş,3
Doğuş_Group,3
Meteksan_Savunma,3
Mado_(food_company),3
K_(cider),3
Actera_Group,3
Weird_Fish,3
Wasabi_(restaurant),3
Monarch_Airlines,3
Doğtaş,3
ICBC_Turkey,3
Şişecam,3
Critchley_Light_car,3
Rogers_International,3
Kalem_Agency,3
Oyak-Renault,3
İDO,3
Altintel,3
Sainsbury's,3
Kale_Endüstri_Holding,3
Tamindir,3
HP_Sauce,3
CMS_Computers,3
Efes_Beverage_Group,3
"Toye,_Kenning_&_Spencer",3
Mobinex,3
Turkcell,3
Athena_(retailer),3
Ekol_Logistics,3
EUROTEM,3
Pico_Technology,3
Epiphone,3
Surf_(detergent),3
DYO_Boya_Fabrikaları,3
Çukurova_Holding,3
Avalon_Guitars,3
Gray-Nicolls,3
Ciner_Holding,3
Nurol_Makina,3
Chicken_Tonight,3
Acıbadem_Healthcare_Group,3
Alarko_Holding,3
Türk_Ticaret_Bankası,3
Time_Out_Group,3
Happy_Faces,3
Standard_Chartered,3
Vincent_Motorcycles,3
Whistles,3
Onur_Air,3
EMI,3
Karsan,3
Qinetiq,3
FNSS_Defence_Systems,3
Terry's_Chocolate_Orange,3
Britvic,3
Mint_Velvet_clothing,3
Hollow_Tree_Books,3
Dedeman_Hotels,3
Twyford_Bathrooms,3
Scotts_of_Stow,3
Optare,3
Viscount_(biscuit),3
Lescon,3
Piñatex,3
New_Hudson_(company),3
Pilkington,3
Leeds_Brewery,3
Merrythought,3
Leon_Restaurants,3
Baxi,3
King_and_McGaw,3
Coast_(clothing),3
Pamukbank,3
Divan_Group,3
Eczacıbaşı,3
Eve_Sleep,3
Colman's,3
Stothert_&_Pitt,3
John_Lewis_(department_store),3
Türkiye_İş_Bankası,3
HAVELSAN,3
Fibabanka,3
Chemins_de_fer_Orientaux,3
Pure_(company),3
Tofaş,3
Rolls-Royce_Holdings,3
Swann_Morton,3
Adabank,3
Cadbury,3
Mermerler_Otomotiv,3
King_of_Shaves,3
Kale_Kilit,3
Arkem,3
Cebrene,2
Belkahve_Tunnel,2
Feriye_Palace,2
Silivri_Prison,2
Mısır_Apartment,2
Sahn-ı_Seman_Medrese,2
Arsinoe_(Cilicia),2
Iğdır_University,2
New_Gaziantep_Stadium,2
Maltepe_Mosque,2
Mersin_Old_Mosque,2
Devegeçidi_Dam,2
Mersin_Büyükşehir_Belediyesi_S.K.,2
List_of_castles_in_Turkey,2
Dicle_Dam,2
Ahırkapı_Feneri,2
Ülker,2
"Co-Cathedral_of_St._Anthony_of_Padua,_Mersin",2
Düzce_University,2
Toros_University,2
Gaziantep_Synagogue,2
TCDD_Open_Air_Steam_Locomotive_Museum,2
Kayseri_Castle,2
Galatasaray_Islet,2
Boztepe_Dam_(Malatya),2
Sinop_Fortress_Prison,2
Devlet_Bahçeli_Bridge,2
Başbakanlık_Konutu,2
Avrasya_University,2
Bülent_Ecevit_University,2
Pera_Palace_Hotel,2
Namık_Kemal_University,2
OYAK,2
International_Antalya_Film_Festival,2
Timas_Publishing_Group,2
Beykoz_Arena,2
GİRSAN,2
Adabank,2
"Faculty_of_Arts_and_Sciences_Building,_Istanbul_University",2
Mertim,2
Sabancı_Central_Mosque,2
Atatürk_University,2
Yalova_University,2
Lake_Erçek,2
İzmir_Toy_Museum,2
Yalova_Earthquake_Monument,2
Monumentum_Ancyranum,2
Samsun-Çarşamba_Airport,2
Kanuni_University,2
Mardin_Artuklu_University,2
March_2016_Ankara_bombing,2
Trabzon_Castle,2
Esenboğa_International_Airport,2
Sinop_Nuclear_Power_Plant,2
List_of_universities_in_Turkey,2
Eurasia_Tunnel,2
Architecture_of_Istanbul,2
SALT_(institution),2
Malatya_Erhaç_Airport,2
29th_International_Istanbul_Film_Festival,2
Alaca_Höyük,2
Tekirdağ_Çorlu_Airport,2
Bademli_Dam,2
Çiğli_railway_station,2
Yedi_Kardeş_Tower,2
Alpaslan-2_Dam,2
Ondokuz_Mayıs_University,2
Sofra_(restaurant),2
List_of_Ottoman_mosques_in_Izmir,2
Alaaddin_Mosque_(Sinop),2
Garzan_Dam,2
"Holy_Trinity_Church,_Eskişehir",2
Alpaslan-1_Dam,2
Kuruköprü_Monumental_Church,2
Ahi_Evran_University,2
Great_Mosque_of_Diyarbakır,2
Garden_Plaza,2
Harran_University,2
Gençlik_Parkı,2
Atatürk_Forest_Farm_and_Zoo,2
Turkish_National_Research_Institute_of_Electronics_and_Cryptology,2
Bornova_Anglican_Cemetery,2
Grand_Synagogue_of_Edirne,2
Raffles_Istanbul,2
"Patara,_Lycia",2
Mount_Ilgaz_National_Park,2
Sel_Yayıncılık,2
Sinop_Airport,2
İsmet_İnönü_Boulevard_(Ankara),2
Ilısu_Dam,2
Eyüp_Sultan_Mosque,2
Izmir_Air_Station,2
Albaraka_Türk,2
Kazım_Karabekir_Stadium,2
"Karatay_Madrasa,_Konya",2
Anadolu_Feneri,2
Fenerbahçe_Lighthouse,2
Polat_Dam,2
List_of_libraries_in_Istanbul,2
Tunceli_University,2
Young_Guru_Academy,2
Istanbul_nostalgic_tramways,2
Dodurga_Dam,2
Istanbul_University_Observatory,2
Mersin_Feneri,2
New_Sakarya_Stadium,2
Statue_of_Honor,2
Kaynak_Yayınları,2
Akkale,2
Complex_of_Sultan_Bayezid_II_Health_Museum,2
Tokat_Airport,2
Sümerbank_Branch,2
Bartın_University,2
Çankaya_Mansion,2
Endem_TV_Tower,2
Kızıl_Kule,2
Isparta_Süleyman_Demirel_Airport,2
Ince_Minaret_Medrese,2
Sultan_Ahmed_Mosque,2
Perili_Köşk,2
"Kızılay,_Ankara",2
Murat_Pasha_Mosque,2
Adana_Dârüleytâm,2
Nusretiye_Clock_Tower,2
Atatürk_Museum_Mansion,2
Pasaport_Terminal,2
Ankara_75th_Anniversary_Race_Course,2
Saint_Paul_Church_(Adana),2
Dolmabahçe–Bomonti_Tunnel,2
World_Trade_Center_Istanbul,2
45th_Antalya_Golden_Orange_Film_Festival,2
Istanbul_Armenian_Genocide_memorial,2
Siirt_University,2
Silahtarağa_Power_Station,2
Selimiye_Tunnel,2
Antalya_Museum,2
Mimar_Sinan_Sport_Hall,2
Kerkoporta,2
Zorlu_Center,2
Prison_of_Anemas,2
Grand_Mosque_of_Mersin,2
Kars–Gyumri–Tbilisi_railway,2
Incirlik_Air_Base,2
List_of_tallest_buildings_in_Ankara,2
Edirne_Palace,2
Boyacı_Mosque,2
Seyhan_Cultural_Center,2
Atatürk_Cultural_Center_in_Mersin,2
Gaziantep_Fen_Lisesi,2
Mardin_railway_station,2
Trabzon_Museum,2
Selçuk-Efes_Airport,2
KozArena,2
Boyabat_Castle,2
Pudding_Shop,2
Turkish_Technic,2
Mayor_Synagogue_(Bursa),2
Kütahya_Air_Base,2
Bahçelik_Dam,2
Adana_railway_station,2
Menemen_railway_station,2
Joshua's_Hill,2
Mersin_Marina,2
Erzurum_Technical_University,2
Yomra_Arena,2
Şırnak_Airport,2
Bodrum-Imsik_Airport,2
Boztepe_Dam_(Tokat),2
Isbank_Tower_1,2
IHH_(Turkish_NGO),2
Kalecik_Dam_(Osmaniye),2
Mersin_Museum,2
Torku_Konyaspor_B.K.,2
Forensic_Science_Institute_of_Turkey,2
Dara_Dam,2
Doğanlar_Stadium,2
2008_Turkish_Grand_Prix,2
Bilkent_Concert_Hall,2
Apa_Dam,2
47th_International_Antalya_Golden_Orange_Film_Festival,2
Kubadabad_Palace,2
Ankara_Palas,2
Basketmakers'_Kiosk,2
Teşvikiye_Mosque,2
Eskişehir_Archaeological_Museum,2
International_Defence_Industry_Fair,2
Balçova_Dam,2
Sorgun_Dam,2
Yıldız_Clock_Tower,2
Suat_Uğurlu_Dam,2
Church_of_Sts._Constantine_and_Helen_(Edirne),2
Yivliminare_Mosque,2
Karacasu_Dam,2
Keban_Dam,2
Zafer_Airport,2
Büyük_Aga_Medrese,2
Lamponeia,2
Kazim_Bulut_Mosque,2
Adapazarı_railway_station,2
Türk_Ticaret_Bankası,2
CNR_Yenişehir_Exhibition_Center,2
Anastasian_Wall,2
ÇNAEM,2
Cankurtaran_Tunnel,2
Bosporus_Water_Tunnel,2
Adıyaman_University,2
Mount_Kop_Tunnel,2
Istanbul_4th_Vakıf_Han,2
Gaziantep_railway_station,2
Stadyum_Samsun,2
Sultan_Han,2
Çemberlitaş_Hamamı,2
Yumuktepe,2
Gümüşköy_Geothermal_Power_Plant,2
Jewish_Museum_of_Turkey,2
Dalaman_Airport,2
Timsah_Arena,2
Akkuyu_Nuclear_Power_Plant,2
Ege_University_Observatory,2
Güvenpark,2
Antalya_Airport,2
Cizre_Dam,2
DYO_Boya_Fabrikaları,2
Kırklareli_University,2
Alakır_Dam,2
Köprülü_Canyon,2
Port_of_Haydarpaşa,2
Şifaiye_Medrese,2
Giresun_University,2
Uşak_University,2
Telsiz_ve_Radyo_Amatörleri_Cemiyeti,2
Atikhisar_Dam,2
Fortress_of_Queli,2
Bursa_Büyükşehir_Belediyesi_Spor_Kulübü,2
Bilkent_Erzurum,2
Mersin_Interfaith_Cemetery,2
Adıyaman_Airport,2
List_of_tallest_buildings_in_İzmir,2
Çiğli_Air_Base,2
Muğla_University,2
Yıldız_Palace,2
Konak_Pier,2
Galatasaray_S.K._(men's_basketball),2
Çankaya_University,2
Great_Istanbul_Tunnel,2
Archaeological_Museum_of_Manisa,2
Ottoman_Sevens,2
Kuyularonu_Mosque,2
Adana_Şakirpaşa_Airport,2
ÇOMÜ_Ulupınar_Observatory,2
Istanbul_Archaeology_Museums,2
Gilindire_Cave,2
Sırımtaş_Dam,2
Muş_Airport,2
Museums_in_Turkey,2
Türksat_(company),2
Lake_Nemrut,2
Kayseri_railway_station,2
Hilton_Istanbul_Bosphorus,2
Eastern_Anatolia_Observatory,2
İzmir_Metro,2
Statue_of_Diogenes,2
Edirne_25_Kasım_Stadium,2
Galleria_Ice_Rink,2
Samsun_Castle,2
Piyalepasa_Istanbul,2
Mersin_Bus_Terminus,2
Kastamonu_Governor's_Office,2
Erdemirspor,2
Hüseyin_Avni_Aker_Stadium,2
Yenişehir_Airport,2
Akdeniz_University,2
Diyarbakır_Prison,2
Gazipaşa_Airport,2
Söğüt_Dam,2
Birleşik_Fon_Bankası,2
Antalya_Cultural_Center,2
Masjid_al-Hisn,2
Isparta_Atatürk_Stadium,2
Bayburt_Dam,2
Doğan_News_Agency,2
Adana_Metropolitan_Theatre,2
Kilis_7_Aralık_University,2
AŞTİ,2
Etfal_Hospital_Clock_Tower,2
Izmit_Stadium,2
Alanya_Castle,2
Karkamış_Dam,2
New_Antalya_Stadium,2
Dicle_Bridge,2
Batman_Arena,2
Gebze_Technical_University,2
Şırnak_University,2
Çankırı_Karatekin_University,2
Kanlıdivane,2
Alpu_Dam,2
Cilician_Gates,2
List_of_museums_in_Turkey,2
Sanko_Park,2
"Fatih_Mosque,_Tirilye",2
Presidential_Complex,2
Castle_of_Kars,2
Esma_Sultan_Mansion,2
Esenler_Bus_Terminus,2
Tokatlıyan_Hotels,2
Akçakale_tower,2
Adnan_Menderes_Airport,2
Sivas_Airport,2
February_2016_Ankara_bombing,2
Mersin_Halkevi,2
Asansör,2
Zonguldak_Airport,2
Suluhan,2
SantralIstanbul,2
Uşak_Museum_of_Archaeology,2
Veled-i_Yaniç_Mosque,2
Altınhisar_Dam,2
"Hagia_Sophia,_Iznik",2
2011_Turkish_Grand_Prix,2
Söğütlü_Athletics_Stadium,2
Zeytinburnu_Stadium,2
İzmir_Clock_Tower,2
Muratlı_Dam,2
Sinop_Archaeological_Museum,2
Buca_Arena,2
Botaş_SK,2
Malatya_Arena,2
Eskişehir_Atatürk_Stadium,2
Kızlar_Monastery,2
Mutfak_Sanatlari_Akademisi,2
Aydın_Archaeological_Museum,2
Hotel_Yeşil_Ev,2
Diardi,2
Cebeci_İnönü_Stadium,2
İstanbul_Ottomans,2
Yalı,2
USS_Gudgeon_(SS-567),2
Ulucami,2
Adana_American_College_for_Girls,2
Bingöl_Airport,2
Siirt_Airport,2
İzmir_Basmane_Terminal,2
New_Turgutlu_Stadium,2
TurkuaZoo,2
Eti_Mine_Works,2
Elazığ_Culture_Park,2
Batman_Airport,2
Abdal_Bridge_(Bursa),2
Of_Arena,2
Ali_Sami_Yen_Stadium,2
Pembe_Köşk,2
"St._Mary_Church,_Diyarbakır",2
Sarıyar_Dam,2
Yalova_Atatürk_Mansion,2
Kadıköy_Dam,2
Erzincan_Airport,2
Kralkızı_Dam,2
Mevlana_Boulevard,2
"İskender_Pasha_Mosque,_Fatih",2
Atakule,2
Alexander_Vallaury,2
Gökçek_Park,2
Trabzonspor_B.K.,2
World_Trade_Center_Trabzon,2
Maiden's_Tower,2
Kalecik_Dam_(Elazığ),2
Tekstilkent_Plaza,2
Pamukkale_University,2
Raimondo_Tommaso_D'Aronco,2
Diyarbakır_Archaeological_Museum,2
Berke_Dam,2
44th_Antalya_Golden_Orange_Film_Festival,2
Banvit_B.K.,2
Gümüşhane_University,2
Hakkari_Yüksekova_Airport,2
Erciyes_University_Radio_Observatory,2
Isuzu_(Anadolu),2
Liberation_Mosque,2
Enka_İnşaat_ve_Sanayi_A.Ş.,2
Motion_Blur,2
Bitlis_Eren_University,2
Kadir_Has_Spor_Salonu,2
Ordu-Giresun_Airport,2
21st_Ankara_International_Film_Festival,2
Ramazanoğlu_Hall,2
Kadıköy_Rugby,2
Çukurova_Regional_Airport,2
Amasya_Merzifon_Airport,2
İzmit_Clock_Tower,2
USS_Eversole_(DD-789),2
Nilüfer_Dam,2
Bursaray,2
Finansbank,2
Çırağan_Palace,2
Amos_(ancient_city),2
Haseki_Hürrem_Sultan_Hamamı,2
Dicle_University,2
Hasan_Uğurlu_Dam,2
Diyarbakır_Fortress,2
Gaziemir_Air_Base,2
Saint_Amphilochius_(Konya),2
"Monument_of_Liberty,_Istanbul",2
13th_Flying_Broom_International_Women's_Film_Festival,2
Yellow_Pavilion,2
Kaunos,2
Mersin_Üçocak_Elementary_school,2
List_of_columns_and_towers_in_Istanbul,2
Kocaeli_B.B._Ice_Arena,2
Tasyapi_Hotel,2
Emirgan_Mosque,2
Celal_Bayar_University,2
Istanbul_observatory_of_Taqi_ad-Din,2
Aslantaş_Dam,2
17th_International_Adana_Golden_Boll_Film_Festival,2
Yüreğir_Cultural_Centre,2
Miss_Turkey,2
Khedive_Palace,2
Akdeniz_University_Stadium,2
Güzeloluk_Mosque,2
Alinda,2
Atatürk_Park,2
Mevlana_Museum,2
Cathedral_of_Kars,2
Bakacak_Dam,2
Amyzon,2
Sabancı_University,2
VitrA_(sanitaryware),2
Paşakapısı_Prison,2
Rumelihisarı,2
Malta_Kiosk,2
Abdullah_Gül_University,2
Yalan_Dünya,2
Kandilli_Observatory,2
Hatuniye_Külliyesi,2
Samsun_19_Mayıs_Stadium,2
Rumeli_Feneri,2
Euromus,2
Fifty_civil_engineering_feats_in_Turkey,2
Port_of_Istanbul,2
Galata_Tower,2
Polimeks,2
Sheraton_Ankara,2
ITU_Arı_Technopolis,2
Ali_Sami_Yen_Sports_Complex,2
Teos_Marina,2
Anıtkabir,2
Mado_(food_company),2
Metris_Prison,2
Iğdır_Airport,2
Şirvani_Mosque,2
Eskişehir_railway_station,2
Gök_Medrese_(Sivas),2
İzmit_railway_station,2
Laal_Pasha_Mosque,2
Araklı_Arena,2
Koray_Holding,2
Akhisar_Stadium,2
Babasultan_Dam,2
Ondokuz_Mayıs_University_Observatory,2
Ayaş_Tunnel,2
Karatepe-Aslantaş_Open-Air_Museum,2
Yedigöller_National_Park,2
Ahmet_Cömert_Sport_Hall,2
Ordu_University,2
Istanbul_Sapphire,2
Dubai_Towers_Istanbul,2
Nevşehir_Kapadokya_Airport,2
Uşak_Airport,2
Alibey_Dam,2
Mersin_Congress_and_Exhibition_Center,2
Muş_Alparslan_University,2
TÜBİTAK_National_Observatory,2
İskenderun_5_Temmuz_Stadium,2
Tokat_Castle,2
Anadolu_Airport,2
Konya_Airport,2
Pervane_Medrese,2
Elazığ_Airport,2
Esertepe_Park,2
Sabancı_Center,2
Izmir_Ethnography_Museum,2
Anadolubank,2
Turkcell_Kuruçeşme_Arena,2
Atatürk_Monument_(İzmir),2
Bozok_University,2
War_of_Independence_Museum,2
Amasya_University,2
Phaselis,2
Havadan_Külliye,2
Hıdırlık_Tower,2
Aydın_Airport,2
Varyap_Meridian_Grand_Tower_1,2
Mardan_Sports_Complex,2
Pertev_Pasha_Mosque,2
Divan_Istanbul,2
Nilüfer_Hatun_Imareti,2
Işıklı_Dam,2
İDO,2
Yakapınar_railway_station,2
Trakya_University,2
4_Eylül_Dam,2
Afyon_Airport,2
Gök_Medrese_(Tokat),2
Space_Launch_System_(Turkey),2
Zirve_University,2
Dolmabahçe_Clock_Tower,2
Diamond_of_Istanbul,2
STFA_Group,2
New_Eskişehir_Stadium,2
Walls_of_Constantinople,2
Etlik_City_Hospital,2
Istanbul_Congress_Center,2
Adana_Center_for_Arts_and_Culture,2
Kahramanlar_Business_Center,2
"Dikilitaş,_Mersin",2
Gaziantep_Castle,2
Nevşehir_Hacı_Bektaş_Veli_University,2
Kuzeybatı,2
İzmir_Institute_of_Technology,2
Yeşilköy_Feneri,2
Beydağları_Coastal_National_Park,2
Buca_Gölet,2
ICBC_Turkey,2
List_of_tallest_buildings_in_Istanbul,2
Halkapınar_railway_station,2
İnönü_University,2
Hadrian's_Gate,2
Yeni_Rize_Şehir_Stadı,2
Glass_Pyramid_Sabancı_Congress_and_Exhibition_Center,2
Çifte_Minareli_Medrese,2
Kalepark,2
Ankara_railway_station,2
Gaziemir_railway_station,2
Anadolu_University,2
Mersin_railway_station,2
Palace_of_Blachernae,2
University_of_Gaziantep,2
Altınyazı_Dam,2
Ağrı_Airport,2
Atılım_University,2
Etimesgut_Air_Base,2
Caferağa_Medresseh,2
Denizli_Çardak_Airport,2
Borçka_Dam,2
Soyak_Tower,2
McGhee_Center_for_Eastern_Mediterranean_Studies,2
Victory_Museum,2
Grand_Post_Office,2
The_House_Cafe,2
Fenercell,2
Ahmet_Adnan_Saygun_Arts_Center,2
Altınapa_Dam,2
Akyazı_Stadium,2
Diyarbakır_Atatürk_Stadium,2
"Çankaya,_Ankara",2
Beşiktaş_JK_(women's_basketball),2
Antalya_Expo_Center,2
Tayyare_Apartments,2
Istanbul_Çağlayan_Justice_Palace,2
Syrian_National_Council,2
Diyarbakır_Stadium,2
Taksim_Military_Barracks,2
Erkilet_International_Airport,2
Folkart_Towers,2
White_Pavilion,2
Kahramanmaraş_Airport,2
Mersin_Water_Museum,2
Bilecik_University,2
Konak_Terminal,2
Ay-Yıldız_Stadium,2
Olba_(ancient_city),2
Çamlıdere_Dam,2
Şişli_Plaza,2
Milas–Bodrum_Airport,2
Antalya_Büyükşehir_Belediyesi,2
43rd_Antalya_Golden_Orange_Film_Festival,2
Emek_(movie_theater),2
Mehmet_Akif_Ersoy_University,2
Selimiye_Mosque,2
Bayır_Dam,2
Altıgöz_Bridge_(Afyonkarahisar),2
Kırıkkale_University,2
Uludağ_University,2
Myndus,2
Akhasan_Dam,2
Adana_Science_and_Technology_University,2
Birecik_Dam,2
Yeni_Yüzyıl_University,2
Gaziosmanpaşa_University,2
Mersin_Martyrs'_Memorial,2
Pink_Pavilion,2
Gökçekaya_Dam,2
Göksu_Park,2
Şifa_University,2
Tower_of_Gömeç,2
Mersin_Atatürk_Museum,2
Artuklu_Palace,2
Çarşıbaşı_Arena,2
Kadıköy_İnciburnu_Feneri,2
Istanbul_Railway_Museum,2
Ramazanoğlu_Cultural_Center,2
Alvimedica,2
Trump_Towers_Istanbul,2
Muğdat_Mosque,2
Istanbul_Postal_Museum,2
Selçukgazi_Tunnel,2
Mevlana_University_Concept_Design,2
Altınkaya_Dam,2
Çiçek_Pasajı,2
Oyak-Renault,2
Kültepe_Dam,2
Capital_Markets_Board_of_Turkey,2
Edirne_railway_station,2
Heris_Tower,2
Trabzon_Airport,2
Karşıyaka_railway_station,2
Istanbul_New_Airport,2
Türk_Ekonomi_Bankası,2
Medical_Park,2
İncirlik_railway_station,2
Selimiye_Barracks,2
Salmankaş_Tunnel,2
St._Giragos_Armenian_Church,2
Hatay_Airport,2
Bayezid_II_Mosque,2
Sivas_Arena,2
Artvin_Çoruh_University,2
Aviation_Martyrs'_Monument,2
Orhan_Kemal_Cultural_Centre,2
M4_(Istanbul_Metro),2
Kafkas_University,2
Seleucia_(Pamphylia),2
Sabuncubeli_Tunnel,2
BMC_(Turkey),2
Sadberk_Hanım_Museum,2
İzmir_Alsancak_Terminal,2
Yedikule_Fortress,2
Aksaray_University,2
Konak_Tunnel,2
THF_Sport_Hall,2
Diyarbakır_Airport,2
Bingöl_University,2
Şanlıurfa_Castle,2
Yavuz_Sultan_Selim_Madras,2
Republic_Monument,2
Karabük_University,2
Kağıthane–Piyalepaşa_Tunnel,2
Sumela_Monastery,2
87_Minutes_Project,2
Bayburt_University,2
Coca-Cola_Içecek,2
2010_American_Express_–_TED_Open,2
Bandırma_Airport,2
Adana_5_Ocak_Stadium,2
Anadolu_Agency,2
Hünkar_(restaurant),2
Mersin_Arena,2
Miss_Globe_International,2
Bursa_Atatürk_Sport_Hall,2
Çamlıca_Mosque,2
TED_Ankara_Kolejliler,2
Gökçeada_Airport,2
Başkent_University,2
Konya_Archaeological_Museum,2
Torku_Arena,2
Hacettepe_University_Ankara_State_Conservatory,2
Yusuf_Kalkavan_Anatolian_High_School,2
Bursa_Atatürk_Stadium,2
Levantine_mansions_of_İzmir,2
Crowne_Plaza_İzmir,2
Ilgaz_Tunnel,2
International_Police_Training_Center,2
Dedeman_Hotels,2
Istanbul_Bilim_University,2
Tarsus_Old_Mosque,2
Ulucanlar_Prison_Museum,2
Topkapı_Palace,2
Süleyman_Demirel_University,2
Turkish_Boxing_Federation,2
Kars_Harakani_Airport,2
Ankara_University_Observatory,2
Kasımiye_Medrese,2
Askam_(trucks),2
ITU_TRIGA_Mark-II_Training_and_Research_Reactor,2
Vakfıkebir_Arena,2
Hilton_Izmir,2
Arsin_Arena,2
Green_Tomb,2
Dilek_Ecza_Deposu,2
Ayvacık_Dam,2
Oğuzeli_Airport,2
Dolmabahçe_Palace,2
Asartepe_Dam,2
Eskişehir_Airport,2
Şanlıurfa_GAP_Airport,2
Şile_Feneri,2
Beyazıt_Tower,2
Çukurova_University,2
Mount_Honaz,2
Argela,2
Samoa,1
Erdek,1
Bulanık,1
Ayvalık,1
Ceylanpınar,1
Araklı,1
Senegal,1
Çorum,1
Aliağa,1
Kastamonu,1
Jordan,1
Antakya,1
Sierra_Leone,1
Ardeşen,1
Menderes,1
Akyurt,1
Fiji,1
Lithuania,1
Gazipaşa,1
Bolu,1
Vatican_City,1
Karabük,1
Cuba,1
Akdağmadeni,1
Çanakkale,1
Netherlands,1
Republic_of_China,1
Kumburgaz,1
Northern_Cyprus,1
Bosnia_and_Herzegovina,1
Doğubeyazıt,1
Qatar,1
Niğde,1
Bağlum,1
Sinop,1
Elâzığ,1
Siirt,1
Hatay,1
Suriname,1
Bodrum,1
Malazgirt,1
Chad,1
Trabzon,1
Bayburt,1
Tunceli,1
Guinea-Bissau,1
Samsun,1
Ecuador,1
Kiribati,1
Yomra,1
Kayseri,1
Van,1
Lüleburgaz,1
Nigeria,1
Aksaray,1
Orhangazi,1
Gerede,1
Bingöl,1
North_Korea,1
Russia,1
Kahramanmaraş,1
Feke,1
Eskişehir,1
Erciş,1
Afşin,1
Mauritania,1
Laos,1
Denizli,1
Nauru,1
South_Korea,1
Benin,1
Kandıra,1
Philippines,1
Didim,1
Tekirdağ,1
Namibia,1
Latvia,1
Beypazarı,1
Albania,1
Ivory_Coast,1
Singapore,1
The_Gambia,1
Nusaybin,1
Arifiye,1
Erzincan,1
Havza,1
Amasya,1
Former_countries_in_Europe,1
Peru,1
Kulu,1
Niger,1
İznik,1
Austria,1
Hadımköy,1
Manavgat,1
Bartın,1
Derince,1
Kahta,1
Syria,1
Ordu,1
Kurtalan,1
Republic,1
Alanya,1
Kırklareli,1
Chile,1
Erdemli,1
Kozan,1
Switzerland,1
Central_African_Republic,1
Kayapınar,1
Slovenia,1
Andorra,1
Malatya,1
Guyana,1
Diyarbakır,1
Nicaragua,1
Dominican_Republic,1
Uşak,1
Pülümür,1
Kıraç,1
Giresun,1
Kınıklı,1
Tavşanlı,1
Gemlik,1
Cameroon,1
Finland,1
Karaköprü,1
Saimbeyli,1
Tarsus,1
Mongolia,1
Aydın,1
Bahçeşehir,1
Iceland,1
Burdur,1
Elbistan,1
El_Salvador,1
South_Africa,1
Gümüşhane,1
Malawi,1
Değirmendere,1
Çankırı,1
Karamürsel,1
Kazan,1
Adana,1
Thailand,1
Tunisia,1
Maldives,1
Esenyurt,1
China,1
Mozambique,1
Burhaniye,1
Mali,1
Turkmenistan,1
United_Kingdom,1
Adapazarı,1
Refahiye,1
Bucak,1
Botswana,1
Şanlıurfa,1
Rwanda,1
Yalova,1
Mustafakemalpaşa,1
Antalya,1
Edremit,1
Muş,1
Zile,1
Akhisar,1
Kestel,1
Haiti,1
Kızıltepe,1
Nevşehir,1
Israel,1
Marshall_Islands,1
Karaman,1
Akyazı,1
Romania,1
Gabon,1
Kemalpaşa,1
Istanbul,1
Egypt,1
Akçakale,1
Devrek,1
Dilovası,1
Emek,1
Afghanistan,1
Darıca,1
Equatorial_Guinea,1
Sweden,1
Gürpınar,1
Islamic_republics,1
Bangladesh,1
Monaco,1
Kırkağaç,1
Former_republics,1
State_of_Palestine,1
Uzunköprü,1
Kütahya,1
Bağbaşı,1
Elmadağ,1
Kapaklı,1
Alikahya,1
Dörtyol,1
Sri_Lanka,1
Kumluca,1
Kosovo,1
Ereğli(Konya),1
Vietnam,1
Marmaris,1
Greece,1
Osmaniye,1
Turkey,1
Beyşehir,1
Silifke,1
Iğdır,1
Pakistan,1
Boyabat,1
"Batman,_Turkey",1
Arnavutköy,1
Kadirli,1
Luxembourg,1
Anamur,1
Kocaeli,1
Moldova,1
Kilimli,1
Montenegro,1
Fethiye,1
Kırşehir,1
Tokat,1
Burundi,1
Taiwan,1
East_Timor,1
Develi,1
Alemdağ,1
Paraguay,1
Fatsa,1
Şile,1
Görükle,1
Dominica,1
Harbiye,1
Estonia,1
Azerbaijan,1
Besni,1
United_Arab_Emirates,1
Myanmar,1
Kyrgyzstan,1
Sivas,1
Kozluk,1
Muğla,1
Republic_of_Macedonia,1
Indonesia,1
Vanuatu,1
Isparta,1
Iraq,1
Brunei,1
Guinea,1
Malaysia,1
Costa_Rica,1
Artvin,1
Afyon,1
Bursa,1
Gesi,1
Ankara,1
Karataş,1
Spain,1
Gölcük,1
Bozüyük,1
Panama,1
Erzin,1
Polatlı,1
Asarlık,1
Kilis,1
Yemen,1
Alanyurt,1
Denmark,1
Nazilli,1
Liechtenstein,1
Tufanbeyli,1
Manisa,1
Ilgın,1
Gebze,1
Germany,1
Lebanon,1
Bismil,1
Hungary,1
İzmit,1
Guatemala,1
Honduras,1
Ukraine,1
Bahrain,1
Gümüşler,1
Liberia,1
Kenya,1
Iran,1
Fictional_European_countries,1
Kazakhstan,1
Mut,1
India,1
Belen,1
Kırıkkale,1
Gürsu,1
Körfez,1
Aytap,1
Kozlu,1
Alaşehir,1
Orhaneli,1
Kars,1
Cyprus,1
Dinar,1
Kayserı,1
Kırıkhan,1
Oman,1
Arpalı,1
Nepal,1
Belgium,1
Bandırma,1
Karaisalı,1
Ghana,1
Kaman,1
Yumurtalık,1
Gölbaşı,1
Bafra,1
Kuşadası,1
Gaziantep,1
Karapınar,1
Colombia,1
Mimarsinan,1
Akşehir,1
Ardahan,1
Malkara,1
Menemen,1
Bulgaria,1
Dalaman,1
San_Marino,1
Düziçi,1
Birecik,1
Mezitli,1
Beylikdüzü,1
Merzifon,1
Akçakoca,1
Gelibolu,1
Yozgat,1
Zonguldak,1
Slovakia,1
Armenia,1
Düzce,1
Sakarya,1
İnegöl,1
Karadeniz_Ereğli,1
Silivri,1
Belarus,1
Zimbabwe,1
Gönen,1
Soviet_republics,1
Babaeski,1
Italy,1
Iskenderun,1
Algeria,1
Seychelles,1
Afyonkarahisar,1
Milas,1
Balıkesir,1
Eğirdir,1
Kuwait,1
Serbia,1
Bitlis,1
Viranşehir,1
Konya,1
Keşan,1
Batman,1
Kirşehir,1
Bulancak,1
Kağızman,1
İskenderun,1
Hakkâri,1
Malta,1
Alaca,1
Cizre,1
Tajikistan,1
Ergani,1
Hilvan,1
Mardin,1
Perperene,1
Palau,1
Bilecik,1
Mudanya,1
Arab_republics,1
Hakkari,1
Biga,1
Hendek,1
France,1
İzmir,1
Portugal,1
Tanzania,1
Divriği,1
Midyat,1
Cape_Verde,1
Karacabey,1
Adilcevaz,1
Edirne,1
Poland,1
United_States,1
Bergama,1
Erzurum,1
Uganda,1
Bolivia,1
Ağrı,1
Mauritius,1
Osmangazi,1
Croatia,1
Madagascar,1
Rize,1
Armenian_republics,1
Adıyaman,1
Djibouti,1
Ahlat,1
Bolvadin,1
Norway,1
Czech_Republic,1
Bhutan,1
Erbaa,1
Cambodia,1
Georgia_(country),1
Mersin,1
Akçaabat,1
Angola,1
Şırnak,1
Japan,1
Emirdağ,1
Germencik,1
Boğazköy,1
Uzbekistan,1
Republic_of_Ireland,1
Saudi_Arabia,1
Büyükçekmece,1
Çatalca,1
